<?xml version="1.0"?>
<!--
/**
 * CedCommerce
  *
  * NOTICE OF LICENSE
  *
  * This source file is subject to the End User License Agreement (EULA)
  * that is bundled with this package in the file LICENSE.txt.
  * It is also available through the world-wide-web at this URL:
  * http://cedcommerce.com/license-agreement.txt
  *
  * @category  Ced
  * @package   Ced_Mobinotification
  * @author    CedCommerce Core Team <connect@cedcommerce.com >
  * @copyright Copyright CEDCOMMERCE (http://cedcommerce.com/)
  * @license      http://cedcommerce.com/license-agreement.txt
  */
-->
<config>
    <menu>
            <mobiconnect module="mobinotification" ifconfig="mobinotification/mobinotify/activation" >            
                <children>
                    <mobinotification module="mobinotification">
                        <title>Manage Notifications </title>
                        <sort_order>0</sort_order>
                        <children>
                            <mobinotification module="mobinotification">
                                <title>Manage Notifications </title>
                                <sort_order>0</sort_order>
                                <action>adminhtml/adminhtml_notification/index</action>
                                <ifconfig>mobinotification/mobinotify/activation</ifconfig>
                            </mobinotification>
                        </children>
                        <children>
                            <sendmobinotification module="mobinotification">
                                <title>Registered Devices </title>
                                <sort_order>2</sort_order>
                                <action>adminhtml/adminhtml_sendnotification/index</action>
                                <ifconfig>mobinotification/mobinotify/activation</ifconfig>
                            </sendmobinotification>
                        </children>
                    </mobinotification>
                </children>
            </mobiconnect>
        </menu>
        <acl>
            <resources>
                <all>
                    <title>Allow Everything</title>
                </all>
                <admin>
                    <children>
                        <system>
                            <children>
                                <config>
                                    <children>
                                        <mobinotification>
                                            <title>Mobinotification </title>
                                        </mobinotification>
                                    </children>
                                </config>
                            </children>
                        </system>
                        <mobiconnect module="mobinotification" ifconfig="mobinotification/mobinotify/activation" >            
                <children>
                    <mobinotification module="mobinotification">
                        <title>Manage Notifications </title>
                        <sort_order>0</sort_order>
                        <children>
                            <mobinotification module="mobinotification">
                                <title>Manage Notifications </title>
                                <sort_order>0</sort_order>
                                <action>adminhtml/adminhtml_notification/index</action>
                                <ifconfig>mobinotification/mobinotify/activation</ifconfig>
                            </mobinotification>
                        </children>
                        <children>
                            <sendmobinotification module="mobinotification">
                                <title>Registered Devices </title>
                                <sort_order>2</sort_order>
                                <action>adminhtml/adminhtml_sendnotification/index</action>
                                <ifconfig>mobinotification/mobinotify/activation</ifconfig>
                            </sendmobinotification>
                        </children>
                    </mobinotification>
                </children>
            </mobiconnect>
                     </children>
                 </admin>
            </resources>
         </acl>               
</config>